{"3JEDKBS001G9601": [[0.861400081492147, 0.31009495810656995, 0.40228225981543936, -1.6664984505216094], [-0.2764171185199287, 0.9506510434286987, -0.14091192361577953, 6.600143814996461], [-0.42612612709675474, 0.01018383939597833, 0.904606441067447, 0.8353983217544778], [0.0, 0.0, 0.0, 1.0]], "3JEDKC50014U011": [[-0.8822539644396451, 0.026260877718179854, -0.4700407519907548, 7.389746740789686], [-0.018614557932644233, -0.9996080909130703, -0.020908438827011357, 4.585395788878938], [-0.47040561270414094, -0.009696952236740055, 0.8823970357236403, 0.8715986366377794], [0.0, 0.0, 0.0, 1.0]], "3JEDL3N0015X621": [[0.7804265959832399, -0.49963015431552704, 0.37590429258094055, -1.4596384630735948], [0.45865688610807487, 0.866068299578851, 0.19889585538755575, -0.5735005968309937], [-0.424933158399937, 0.017187476934570563, 0.9050615457132948, 0.8867970016210381], [0.0, 0.0, 0.0, 1.0]], "3JEDL76001L4201": [[-0.4637606072486911, -0.8595573648760576, -0.21467937872974452, 10.342032901752201], [0.7755560162631211, -0.5110107757024008, 0.37064923142268213, -0.711534337598061], [-0.42829775250693164, 0.00539662889932215, 0.90362155330318, 0.8554366752911574], [0.0, 0.0, 0.0, 1.0]]}