{"3JEDKBS001G9601": [[0.8613553184678476, 0.3110433238782316, 0.40164544814798786, -1.6689025082892481], [-0.27721372492182844, 0.9503376691103715, -0.14145976595793985, 6.600779994940035], [-0.42569891480034444, 0.010505490978087477, 0.9048038840529012, 0.8318857936687247], [0.0, 0.0, 0.0, 1.0]], "3JEDKC50014U011": [[-0.8827064088655499, 0.02393588926727561, -0.469314893171626, 7.385241786874466], [-0.016814984538208174, -0.9996711945333852, -0.019358696115062215, 4.584718684021725], [-0.46962394747575903, -0.009196522455813455, 0.8828186517808327, 0.8654267419948035], [0.0, 0.0, 0.0, 1.0]], "3JEDL3N0015X621": [[0.7823460034036925, -0.4924789722814792, 0.38131246087561466, -1.43794578099841], [0.4517143222708034, 0.8701360020508211, 0.19702159523918764, -0.5806439402784238], [-0.4288226929790678, 0.018105242218264494, 0.9032072288187585, 0.9021986895966573], [0.0, 0.0, 0.0, 1.0]], "3JEDL76001L4201": [[-0.4600468336121814, -0.86171803208707, -0.21400687853313238, 10.426013568348449], [0.7785128609470714, -0.5073763780598777, 0.36944138415578354, -0.620352544426462], [-0.42693633743625464, 0.0033532317169698424, 0.9042754666657893, 0.8552827140250038], [0.0, 0.0, 0.0, 1.0]]}