{"3JEDKBS001G9601": [[0.8613821800148633, 0.31152949771152705, 0.4012108074422689, -1.6690161998029884], [-0.2784110874110866, 0.9501943592284704, -0.14006407853904188, 6.605806832931555], [-0.42486233812784246, 0.008947164132650698, 0.9052137548085396, 0.8293684164707521], [0.0, 0.0, 0.0, 1.0]], "3JEDKC50014U011": [[-0.8824648220772533, 0.0233528797337747, -0.4697983405721336, 7.337733423126248], [-0.01607098179852069, -0.9996805912422617, -0.019504846515378937, 4.580714468274682], [-0.4701037772026728, -0.00966222032953401, 0.8825582587898064, 0.8688124531086315], [0.0, 0.0, 0.0, 1.0]], "3JEDL3N0015X621": [[0.782702875435705, -0.4913283735026108, 0.3820636572300667, -1.4581300576721836], [0.44964927375120495, 0.8708224824612567, 0.19870514501412215, -0.5723325408034126], [-0.4303390981536943, 0.01626755763381853, 0.9025207073352646, 0.9075848761020415], [0.0, 0.0, 0.0, 1.0]], "3JEDL76001L4201": [[-0.5072642368110718, -0.8539171522829386, -0.11622603447371525, 10.398529491338913], [0.7614187377111828, -0.507256467592461, 0.40364883493939857, -0.5969317080202731], [-0.40363907134319227, 0.11625993773705967, 0.9075015851019682, 0.7506427073446698], [0.0, 0.0, 0.0, 1.0]]}